[
  {"model": "plants.plantfamily", "pk": "11111111-0000-0000-0000-000000000001", "fields": {"name_fr": "Oléacées", "name_latin": "Oleaceae"}},
  {"model": "plants.plantfamily", "pk": "11111111-0000-0000-0000-000000000002", "fields": {"name_fr": "Labiées", "name_latin": "Lamiaceae"}},
  {"model": "plants.plantfamily", "pk": "11111111-0000-0000-0000-000000000003", "fields": {"name_fr": "Rosacées", "name_latin": "Rosaceae"}},
  {"model": "plants.plantfamily", "pk": "11111111-0000-0000-0000-000000000004", "fields": {"name_fr": "Aracées", "name_latin": "Araceae"}},
  {"model": "plants.plantfamily", "pk": "11111111-0000-0000-0000-000000000005", "fields": {"name_fr": "Graminées", "name_latin": "Poaceae"}},
  {"model": "plants.plantfamily", "pk": "11111111-0000-0000-0000-000000000006", "fields": {"name_fr": "Palmiers", "name_latin": "Arecaceae"}},
  {"model": "plants.plantfamily", "pk": "11111111-0000-0000-0000-000000000007", "fields": {"name_fr": "Cupressacées", "name_latin": "Cupressaceae"}},
  {"model": "plants.plantfamily", "pk": "11111111-0000-0000-0000-000000000008", "fields": {"name_fr": "Ericacées", "name_latin": "Ericaceae"}},
  {"model": "plants.plantfamily", "pk": "11111111-0000-0000-0000-000000000009", "fields": {"name_fr": "Fagacées", "name_latin": "Fagaceae"}},
  {"model": "plants.plantfamily", "pk": "11111111-0000-0000-0000-000000000010", "fields": {"name_fr": "Bambusées", "name_latin": "Bambusoideae"}},

  {"model": "plants.plant", "pk": "aaaaaaaa-0000-0000-0000-000000000001",
   "fields": {"family": "11111111-0000-0000-0000-000000000001", "name_common_fr": "Olivier", "name_latin": "Olea europaea", "type": "tree", "height_adult_min_cm": 300, "height_adult_max_cm": 800, "width_adult_min_cm": 300, "width_adult_max_cm": 600, "growth_rate": "slow", "foliage": "evergreen", "flowering_months": [4, 5], "flowering_color": "Blanc crème", "is_drought_resistant": true, "frost_resistance_min_c": -10, "water_need": "low", "sun_exposure": "full_sun", "soil_preference": {"types": ["calcaire", "sableux", "limoneux"], "ph_min": 6, "ph_max": 8}, "is_invasive": false, "attracts_pollinators": true, "climate_zones": ["méditerranéen", "atlantique"], "created_at": "2026-01-01T00:00:00Z", "updated_at": "2026-01-01T00:00:00Z"}},

  {"model": "plants.plant", "pk": "aaaaaaaa-0000-0000-0000-000000000002",
   "fields": {"family": "11111111-0000-0000-0000-000000000002", "name_common_fr": "Lavande vraie", "name_latin": "Lavandula angustifolia", "type": "shrub", "height_adult_min_cm": 40, "height_adult_max_cm": 80, "width_adult_min_cm": 60, "width_adult_max_cm": 100, "growth_rate": "moderate", "foliage": "evergreen", "flowering_months": [6, 7, 8], "flowering_color": "Violet", "is_drought_resistant": true, "frost_resistance_min_c": -20, "water_need": "low", "sun_exposure": "full_sun", "soil_preference": {"types": ["calcaire", "sableux"], "ph_min": 6, "ph_max": 8}, "is_invasive": false, "attracts_pollinators": true, "climate_zones": ["méditerranéen", "continental", "atlantique"], "created_at": "2026-01-01T00:00:00Z", "updated_at": "2026-01-01T00:00:00Z"}},

  {"model": "plants.plant", "pk": "aaaaaaaa-0000-0000-0000-000000000003",
   "fields": {"family": "11111111-0000-0000-0000-000000000003", "name_common_fr": "Rosier grimpant", "name_latin": "Rosa climber", "type": "climber", "height_adult_min_cm": 200, "height_adult_max_cm": 500, "width_adult_min_cm": 100, "width_adult_max_cm": 300, "growth_rate": "fast", "foliage": "deciduous", "flowering_months": [5, 6, 7, 8, 9], "flowering_color": "Rose, Rouge, Blanc", "is_drought_resistant": false, "frost_resistance_min_c": -20, "water_need": "moderate", "sun_exposure": "full_sun", "soil_preference": {"types": ["limoneux", "argileux"], "ph_min": 6, "ph_max": 7}, "is_invasive": false, "attracts_pollinators": true, "climate_zones": ["continental", "atlantique", "méditerranéen"], "created_at": "2026-01-01T00:00:00Z", "updated_at": "2026-01-01T00:00:00Z"}},

  {"model": "plants.plant", "pk": "aaaaaaaa-0000-0000-0000-000000000004",
   "fields": {"family": "11111111-0000-0000-0000-000000000005", "name_common_fr": "Miscanthus sinensis", "name_latin": "Miscanthus sinensis", "type": "grass", "height_adult_min_cm": 120, "height_adult_max_cm": 200, "width_adult_min_cm": 80, "width_adult_max_cm": 120, "growth_rate": "moderate", "foliage": "deciduous", "flowering_months": [8, 9, 10], "flowering_color": "Beige argenté", "is_drought_resistant": true, "frost_resistance_min_c": -20, "water_need": "low", "sun_exposure": "full_sun", "soil_preference": {"types": ["tous"], "ph_min": 5.5, "ph_max": 7.5}, "is_invasive": false, "attracts_pollinators": false, "climate_zones": ["continental", "atlantique", "méditerranéen"], "created_at": "2026-01-01T00:00:00Z", "updated_at": "2026-01-01T00:00:00Z"}},

  {"model": "plants.plant", "pk": "aaaaaaaa-0000-0000-0000-000000000005",
   "fields": {"family": "11111111-0000-0000-0000-000000000007", "name_common_fr": "Cyprès de Florence", "name_latin": "Cupressus sempervirens", "type": "tree", "height_adult_min_cm": 1000, "height_adult_max_cm": 2500, "width_adult_min_cm": 50, "width_adult_max_cm": 100, "growth_rate": "moderate", "foliage": "evergreen", "flowering_months": [], "flowering_color": "", "is_drought_resistant": true, "frost_resistance_min_c": -15, "water_need": "low", "sun_exposure": "full_sun", "soil_preference": {"types": ["calcaire", "sableux"], "ph_min": 6, "ph_max": 8}, "is_invasive": false, "attracts_pollinators": false, "climate_zones": ["méditerranéen"], "created_at": "2026-01-01T00:00:00Z", "updated_at": "2026-01-01T00:00:00Z"}},

  {"model": "plants.plant", "pk": "aaaaaaaa-0000-0000-0000-000000000006",
   "fields": {"family": "11111111-0000-0000-0000-000000000002", "name_common_fr": "Romarin officinal", "name_latin": "Rosmarinus officinalis", "type": "shrub", "height_adult_min_cm": 50, "height_adult_max_cm": 150, "width_adult_min_cm": 50, "width_adult_max_cm": 150, "growth_rate": "slow", "foliage": "evergreen", "flowering_months": [2, 3, 4, 5], "flowering_color": "Bleu violet", "is_drought_resistant": true, "frost_resistance_min_c": -15, "water_need": "low", "sun_exposure": "full_sun", "soil_preference": {"types": ["calcaire", "sableux"], "ph_min": 6, "ph_max": 8}, "is_invasive": false, "attracts_pollinators": true, "climate_zones": ["méditerranéen", "atlantique"], "created_at": "2026-01-01T00:00:00Z", "updated_at": "2026-01-01T00:00:00Z"}},

  {"model": "plants.plant", "pk": "aaaaaaaa-0000-0000-0000-000000000007",
   "fields": {"family": "11111111-0000-0000-0000-000000000006", "name_common_fr": "Palmier de Chanvre", "name_latin": "Trachycarpus fortunei", "type": "tree", "height_adult_min_cm": 300, "height_adult_max_cm": 1000, "width_adult_min_cm": 150, "width_adult_max_cm": 250, "growth_rate": "slow", "foliage": "evergreen", "flowering_months": [5, 6], "flowering_color": "Jaune", "is_drought_resistant": false, "frost_resistance_min_c": -18, "water_need": "moderate", "sun_exposure": "full_sun", "soil_preference": {"types": ["limoneux", "bien drainé"], "ph_min": 5.5, "ph_max": 7.5}, "is_invasive": false, "attracts_pollinators": false, "climate_zones": ["méditerranéen", "atlantique"], "created_at": "2026-01-01T00:00:00Z", "updated_at": "2026-01-01T00:00:00Z"}},

  {"model": "plants.plant", "pk": "aaaaaaaa-0000-0000-0000-000000000008",
   "fields": {"family": "11111111-0000-0000-0000-000000000010", "name_common_fr": "Bambou non-traçant Fargesia", "name_latin": "Fargesia murielae", "type": "shrub", "height_adult_min_cm": 150, "height_adult_max_cm": 300, "width_adult_min_cm": 100, "width_adult_max_cm": 200, "growth_rate": "moderate", "foliage": "evergreen", "flowering_months": [], "flowering_color": "", "is_drought_resistant": false, "frost_resistance_min_c": -25, "water_need": "moderate", "sun_exposure": "partial_shade", "soil_preference": {"types": ["limoneux", "frais"], "ph_min": 5.5, "ph_max": 7}, "is_invasive": false, "attracts_pollinators": false, "climate_zones": ["continental", "atlantique", "montagnard"], "created_at": "2026-01-01T00:00:00Z", "updated_at": "2026-01-01T00:00:00Z"}},

  {"model": "plants.plant", "pk": "aaaaaaaa-0000-0000-0000-000000000009",
   "fields": {"family": "11111111-0000-0000-0000-000000000007", "name_common_fr": "Genévrier de Chine", "name_latin": "Juniperus chinensis", "type": "shrub", "height_adult_min_cm": 100, "height_adult_max_cm": 500, "width_adult_min_cm": 80, "width_adult_max_cm": 200, "growth_rate": "slow", "foliage": "evergreen", "flowering_months": [], "flowering_color": "", "is_drought_resistant": true, "frost_resistance_min_c": -25, "water_need": "low", "sun_exposure": "full_sun", "soil_preference": {"types": ["tous"], "ph_min": 5, "ph_max": 8}, "is_invasive": false, "attracts_pollinators": false, "climate_zones": ["continental", "atlantique", "méditerranéen"], "created_at": "2026-01-01T00:00:00Z", "updated_at": "2026-01-01T00:00:00Z"}},

  {"model": "plants.plant", "pk": "aaaaaaaa-0000-0000-0000-000000000010",
   "fields": {"family": "11111111-0000-0000-0000-000000000008", "name_common_fr": "Rhododendron", "name_latin": "Rhododendron hybridum", "type": "shrub", "height_adult_min_cm": 100, "height_adult_max_cm": 200, "width_adult_min_cm": 100, "width_adult_max_cm": 200, "growth_rate": "slow", "foliage": "evergreen", "flowering_months": [4, 5, 6], "flowering_color": "Rose, Rouge, Violet, Blanc", "is_drought_resistant": false, "frost_resistance_min_c": -20, "water_need": "moderate", "sun_exposure": "partial_shade", "soil_preference": {"types": ["acide", "tourbeux"], "ph_min": 4.5, "ph_max": 6}, "is_invasive": false, "attracts_pollinators": true, "climate_zones": ["atlantique", "continental"], "created_at": "2026-01-01T00:00:00Z", "updated_at": "2026-01-01T00:00:00Z"}},

  {"model": "plants.plant", "pk": "aaaaaaaa-0000-0000-0000-000000000011",
   "fields": {"family": "11111111-0000-0000-0000-000000000009", "name_common_fr": "Chêne vert", "name_latin": "Quercus ilex", "type": "tree", "height_adult_min_cm": 1000, "height_adult_max_cm": 2000, "width_adult_min_cm": 800, "width_adult_max_cm": 1500, "growth_rate": "slow", "foliage": "evergreen", "flowering_months": [4, 5], "flowering_color": "Jaune", "is_drought_resistant": true, "frost_resistance_min_c": -15, "water_need": "low", "sun_exposure": "full_sun", "soil_preference": {"types": ["calcaire", "sableux", "argileux"], "ph_min": 5.5, "ph_max": 8}, "is_invasive": false, "attracts_pollinators": false, "climate_zones": ["méditerranéen", "atlantique"], "created_at": "2026-01-01T00:00:00Z", "updated_at": "2026-01-01T00:00:00Z"}},

  {"model": "plants.plant", "pk": "aaaaaaaa-0000-0000-0000-000000000012",
   "fields": {"family": "11111111-0000-0000-0000-000000000003", "name_common_fr": "Cerisier du Japon", "name_latin": "Prunus serrulata", "type": "tree", "height_adult_min_cm": 400, "height_adult_max_cm": 800, "width_adult_min_cm": 400, "width_adult_max_cm": 700, "growth_rate": "moderate", "foliage": "deciduous", "flowering_months": [3, 4], "flowering_color": "Rose pâle", "is_drought_resistant": false, "frost_resistance_min_c": -25, "water_need": "moderate", "sun_exposure": "full_sun", "soil_preference": {"types": ["limoneux", "bien drainé"], "ph_min": 6, "ph_max": 7.5}, "is_invasive": false, "attracts_pollinators": true, "climate_zones": ["continental", "atlantique"], "created_at": "2026-01-01T00:00:00Z", "updated_at": "2026-01-01T00:00:00Z"}},

  {"model": "plants.plant", "pk": "aaaaaaaa-0000-0000-0000-000000000013",
   "fields": {"family": "11111111-0000-0000-0000-000000000002", "name_common_fr": "Sauge officinale", "name_latin": "Salvia officinalis", "type": "shrub", "height_adult_min_cm": 40, "height_adult_max_cm": 70, "width_adult_min_cm": 40, "width_adult_max_cm": 80, "growth_rate": "moderate", "foliage": "semi_evergreen", "flowering_months": [5, 6, 7], "flowering_color": "Bleu violet", "is_drought_resistant": true, "frost_resistance_min_c": -15, "water_need": "low", "sun_exposure": "full_sun", "soil_preference": {"types": ["calcaire", "sableux"], "ph_min": 6, "ph_max": 8}, "is_invasive": false, "attracts_pollinators": true, "climate_zones": ["méditerranéen", "continental", "atlantique"], "created_at": "2026-01-01T00:00:00Z", "updated_at": "2026-01-01T00:00:00Z"}},

  {"model": "plants.plant", "pk": "aaaaaaaa-0000-0000-0000-000000000014",
   "fields": {"family": "11111111-0000-0000-0000-000000000005", "name_common_fr": "Fétuque bleue", "name_latin": "Festuca glauca", "type": "grass", "height_adult_min_cm": 20, "height_adult_max_cm": 35, "width_adult_min_cm": 25, "width_adult_max_cm": 40, "growth_rate": "slow", "foliage": "evergreen", "flowering_months": [5, 6], "flowering_color": "Beige", "is_drought_resistant": true, "frost_resistance_min_c": -30, "water_need": "low", "sun_exposure": "full_sun", "soil_preference": {"types": ["sableux", "pauvre"], "ph_min": 5.5, "ph_max": 7.5}, "is_invasive": false, "attracts_pollinators": false, "climate_zones": ["continental", "atlantique", "méditerranéen"], "created_at": "2026-01-01T00:00:00Z", "updated_at": "2026-01-01T00:00:00Z"}},

  {"model": "plants.plant", "pk": "aaaaaaaa-0000-0000-0000-000000000015",
   "fields": {"family": "11111111-0000-0000-0000-000000000004", "name_common_fr": "Agapanthe", "name_latin": "Agapanthus africanus", "type": "perennial", "height_adult_min_cm": 50, "height_adult_max_cm": 100, "width_adult_min_cm": 40, "width_adult_max_cm": 60, "growth_rate": "moderate", "foliage": "semi_evergreen", "flowering_months": [7, 8, 9], "flowering_color": "Bleu, Blanc", "is_drought_resistant": true, "frost_resistance_min_c": -10, "water_need": "low", "sun_exposure": "full_sun", "soil_preference": {"types": ["limoneux", "bien drainé"], "ph_min": 6, "ph_max": 7.5}, "is_invasive": false, "attracts_pollinators": true, "climate_zones": ["méditerranéen", "atlantique"], "created_at": "2026-01-01T00:00:00Z", "updated_at": "2026-01-01T00:00:00Z"}},

  {"model": "plants.plant", "pk": "aaaaaaaa-0000-0000-0000-000000000016",
   "fields": {"family": "11111111-0000-0000-0000-000000000003", "name_common_fr": "Spirée de Van Houtte", "name_latin": "Spiraea vanhouttei", "type": "shrub", "height_adult_min_cm": 150, "height_adult_max_cm": 200, "width_adult_min_cm": 150, "width_adult_max_cm": 200, "growth_rate": "fast", "foliage": "deciduous", "flowering_months": [4, 5], "flowering_color": "Blanc", "is_drought_resistant": false, "frost_resistance_min_c": -30, "water_need": "moderate", "sun_exposure": "full_sun", "soil_preference": {"types": ["tous"], "ph_min": 5.5, "ph_max": 7.5}, "is_invasive": false, "attracts_pollinators": true, "climate_zones": ["continental", "atlantique"], "created_at": "2026-01-01T00:00:00Z", "updated_at": "2026-01-01T00:00:00Z"}},

  {"model": "plants.plant", "pk": "aaaaaaaa-0000-0000-0000-000000000017",
   "fields": {"family": "11111111-0000-0000-0000-000000000002", "name_common_fr": "Origan commun", "name_latin": "Origanum vulgare", "type": "perennial", "height_adult_min_cm": 20, "height_adult_max_cm": 50, "width_adult_min_cm": 30, "width_adult_max_cm": 50, "growth_rate": "fast", "foliage": "semi_evergreen", "flowering_months": [6, 7, 8, 9], "flowering_color": "Rose mauve", "is_drought_resistant": true, "frost_resistance_min_c": -20, "water_need": "low", "sun_exposure": "full_sun", "soil_preference": {"types": ["calcaire", "sableux"], "ph_min": 6, "ph_max": 8}, "is_invasive": false, "attracts_pollinators": true, "climate_zones": ["méditerranéen", "continental", "atlantique"], "created_at": "2026-01-01T00:00:00Z", "updated_at": "2026-01-01T00:00:00Z"}},

  {"model": "plants.plant", "pk": "aaaaaaaa-0000-0000-0000-000000000018",
   "fields": {"family": "11111111-0000-0000-0000-000000000008", "name_common_fr": "Bruyère commune", "name_latin": "Calluna vulgaris", "type": "groundcover", "height_adult_min_cm": 20, "height_adult_max_cm": 60, "width_adult_min_cm": 40, "width_adult_max_cm": 80, "growth_rate": "slow", "foliage": "evergreen", "flowering_months": [8, 9, 10], "flowering_color": "Rose, Violet, Blanc", "is_drought_resistant": false, "frost_resistance_min_c": -30, "water_need": "moderate", "sun_exposure": "full_sun", "soil_preference": {"types": ["acide", "tourbeux"], "ph_min": 4, "ph_max": 5.5}, "is_invasive": false, "attracts_pollinators": true, "climate_zones": ["atlantique", "continental"], "created_at": "2026-01-01T00:00:00Z", "updated_at": "2026-01-01T00:00:00Z"}},

  {"model": "plants.plant", "pk": "aaaaaaaa-0000-0000-0000-000000000019",
   "fields": {"family": "11111111-0000-0000-0000-000000000001", "name_common_fr": "Lilas commun", "name_latin": "Syringa vulgaris", "type": "shrub", "height_adult_min_cm": 200, "height_adult_max_cm": 500, "width_adult_min_cm": 200, "width_adult_max_cm": 400, "growth_rate": "moderate", "foliage": "deciduous", "flowering_months": [4, 5], "flowering_color": "Violet, Lilas, Blanc", "is_drought_resistant": false, "frost_resistance_min_c": -35, "water_need": "moderate", "sun_exposure": "full_sun", "soil_preference": {"types": ["limoneux", "neutre"], "ph_min": 6, "ph_max": 7.5}, "is_invasive": false, "attracts_pollinators": true, "climate_zones": ["continental", "atlantique"], "created_at": "2026-01-01T00:00:00Z", "updated_at": "2026-01-01T00:00:00Z"}},

  {"model": "plants.plant", "pk": "aaaaaaaa-0000-0000-0000-000000000020",
   "fields": {"family": "11111111-0000-0000-0000-000000000007", "name_common_fr": "Thuya géant", "name_latin": "Thuja plicata", "type": "tree", "height_adult_min_cm": 500, "height_adult_max_cm": 3000, "width_adult_min_cm": 200, "width_adult_max_cm": 600, "growth_rate": "fast", "foliage": "evergreen", "flowering_months": [], "flowering_color": "", "is_drought_resistant": false, "frost_resistance_min_c": -30, "water_need": "moderate", "sun_exposure": "full_sun", "soil_preference": {"types": ["limoneux", "frais"], "ph_min": 5.5, "ph_max": 7}, "is_invasive": false, "attracts_pollinators": false, "climate_zones": ["continental", "atlantique"], "created_at": "2026-01-01T00:00:00Z", "updated_at": "2026-01-01T00:00:00Z"}},

  {"model": "plants.plant", "pk": "aaaaaaaa-0000-0000-0000-000000000021",
   "fields": {"family": "11111111-0000-0000-0000-000000000003", "name_common_fr": "Pivoine herbacée", "name_latin": "Paeonia lactiflora", "type": "perennial", "height_adult_min_cm": 60, "height_adult_max_cm": 100, "width_adult_min_cm": 60, "width_adult_max_cm": 100, "growth_rate": "slow", "foliage": "deciduous", "flowering_months": [5, 6], "flowering_color": "Rose, Rouge, Blanc, Jaune", "is_drought_resistant": false, "frost_resistance_min_c": -30, "water_need": "moderate", "sun_exposure": "partial_shade", "soil_preference": {"types": ["limoneux", "riche"], "ph_min": 6, "ph_max": 7.5}, "is_invasive": false, "attracts_pollinators": true, "climate_zones": ["continental", "atlantique"], "created_at": "2026-01-01T00:00:00Z", "updated_at": "2026-01-01T00:00:00Z"}},

  {"model": "plants.plant", "pk": "aaaaaaaa-0000-0000-0000-000000000022",
   "fields": {"family": "11111111-0000-0000-0000-000000000005", "name_common_fr": "Herbe de la pampa", "name_latin": "Cortaderia selloana", "type": "grass", "height_adult_min_cm": 150, "height_adult_max_cm": 300, "width_adult_min_cm": 150, "width_adult_max_cm": 200, "growth_rate": "fast", "foliage": "evergreen", "flowering_months": [8, 9, 10, 11], "flowering_color": "Blanc argenté", "is_drought_resistant": true, "frost_resistance_min_c": -15, "water_need": "low", "sun_exposure": "full_sun", "soil_preference": {"types": ["tous"], "ph_min": 5.5, "ph_max": 7.5}, "is_invasive": true, "attracts_pollinators": false, "climate_zones": ["méditerranéen", "atlantique", "continental"], "created_at": "2026-01-01T00:00:00Z", "updated_at": "2026-01-01T00:00:00Z"}},

  {"model": "plants.plant", "pk": "aaaaaaaa-0000-0000-0000-000000000023",
   "fields": {"family": "11111111-0000-0000-0000-000000000009", "name_common_fr": "Hêtre commun", "name_latin": "Fagus sylvatica", "type": "tree", "height_adult_min_cm": 1500, "height_adult_max_cm": 4000, "width_adult_min_cm": 1000, "width_adult_max_cm": 2500, "growth_rate": "slow", "foliage": "deciduous", "flowering_months": [4, 5], "flowering_color": "Jaune", "is_drought_resistant": false, "frost_resistance_min_c": -35, "water_need": "moderate", "sun_exposure": "partial_shade", "soil_preference": {"types": ["limoneux", "frais"], "ph_min": 5, "ph_max": 7}, "is_invasive": false, "attracts_pollinators": false, "climate_zones": ["continental", "atlantique", "montagnard"], "created_at": "2026-01-01T00:00:00Z", "updated_at": "2026-01-01T00:00:00Z"}},

  {"model": "plants.plant", "pk": "aaaaaaaa-0000-0000-0000-000000000024",
   "fields": {"family": "11111111-0000-0000-0000-000000000002", "name_common_fr": "Thym serpolet", "name_latin": "Thymus serpyllum", "type": "groundcover", "height_adult_min_cm": 5, "height_adult_max_cm": 15, "width_adult_min_cm": 30, "width_adult_max_cm": 60, "growth_rate": "moderate", "foliage": "evergreen", "flowering_months": [5, 6, 7, 8], "flowering_color": "Rose, Violet", "is_drought_resistant": true, "frost_resistance_min_c": -30, "water_need": "low", "sun_exposure": "full_sun", "soil_preference": {"types": ["sableux", "calcaire", "pauvre"], "ph_min": 6, "ph_max": 8}, "is_invasive": false, "attracts_pollinators": true, "climate_zones": ["méditerranéen", "continental", "atlantique"], "created_at": "2026-01-01T00:00:00Z", "updated_at": "2026-01-01T00:00:00Z"}},

  {"model": "plants.plant", "pk": "aaaaaaaa-0000-0000-0000-000000000025",
   "fields": {"family": "11111111-0000-0000-0000-000000000003", "name_common_fr": "Cognassier du Japon", "name_latin": "Chaenomeles speciosa", "type": "shrub", "height_adult_min_cm": 80, "height_adult_max_cm": 150, "width_adult_min_cm": 100, "width_adult_max_cm": 200, "growth_rate": "moderate", "foliage": "deciduous", "flowering_months": [2, 3, 4], "flowering_color": "Rouge, Orange, Rose", "is_drought_resistant": false, "frost_resistance_min_c": -25, "water_need": "moderate", "sun_exposure": "full_sun", "soil_preference": {"types": ["limoneux", "tous"], "ph_min": 5.5, "ph_max": 7.5}, "is_invasive": false, "attracts_pollinators": true, "climate_zones": ["continental", "atlantique", "méditerranéen"], "created_at": "2026-01-01T00:00:00Z", "updated_at": "2026-01-01T00:00:00Z"}},

  {"model": "plants.plantstyle", "pk": 1, "fields": {"plant": "aaaaaaaa-0000-0000-0000-000000000001", "style": "mediterranean", "affinity_score": 10}},
  {"model": "plants.plantstyle", "pk": 2, "fields": {"plant": "aaaaaaaa-0000-0000-0000-000000000002", "style": "mediterranean", "affinity_score": 10}},
  {"model": "plants.plantstyle", "pk": 3, "fields": {"plant": "aaaaaaaa-0000-0000-0000-000000000002", "style": "countryside", "affinity_score": 8}},
  {"model": "plants.plantstyle", "pk": 4, "fields": {"plant": "aaaaaaaa-0000-0000-0000-000000000003", "style": "countryside", "affinity_score": 9}},
  {"model": "plants.plantstyle", "pk": 5, "fields": {"plant": "aaaaaaaa-0000-0000-0000-000000000003", "style": "contemporary", "affinity_score": 7}},
  {"model": "plants.plantstyle", "pk": 6, "fields": {"plant": "aaaaaaaa-0000-0000-0000-000000000004", "style": "contemporary", "affinity_score": 9}},
  {"model": "plants.plantstyle", "pk": 7, "fields": {"plant": "aaaaaaaa-0000-0000-0000-000000000004", "style": "japanese", "affinity_score": 7}},
  {"model": "plants.plantstyle", "pk": 8, "fields": {"plant": "aaaaaaaa-0000-0000-0000-000000000005", "style": "mediterranean", "affinity_score": 10}},
  {"model": "plants.plantstyle", "pk": 9, "fields": {"plant": "aaaaaaaa-0000-0000-0000-000000000006", "style": "mediterranean", "affinity_score": 9}},
  {"model": "plants.plantstyle", "pk": 10, "fields": {"plant": "aaaaaaaa-0000-0000-0000-000000000006", "style": "countryside", "affinity_score": 8}},
  {"model": "plants.plantstyle", "pk": 11, "fields": {"plant": "aaaaaaaa-0000-0000-0000-000000000007", "style": "mediterranean", "affinity_score": 9}},
  {"model": "plants.plantstyle", "pk": 12, "fields": {"plant": "aaaaaaaa-0000-0000-0000-000000000007", "style": "contemporary", "affinity_score": 7}},
  {"model": "plants.plantstyle", "pk": 13, "fields": {"plant": "aaaaaaaa-0000-0000-0000-000000000008", "style": "japanese", "affinity_score": 10}},
  {"model": "plants.plantstyle", "pk": 14, "fields": {"plant": "aaaaaaaa-0000-0000-0000-000000000008", "style": "contemporary", "affinity_score": 8}},
  {"model": "plants.plantstyle", "pk": 15, "fields": {"plant": "aaaaaaaa-0000-0000-0000-000000000009", "style": "japanese", "affinity_score": 9}},
  {"model": "plants.plantstyle", "pk": 16, "fields": {"plant": "aaaaaaaa-0000-0000-0000-000000000009", "style": "contemporary", "affinity_score": 8}},
  {"model": "plants.plantstyle", "pk": 17, "fields": {"plant": "aaaaaaaa-0000-0000-0000-000000000010", "style": "japanese", "affinity_score": 9}},
  {"model": "plants.plantstyle", "pk": 18, "fields": {"plant": "aaaaaaaa-0000-0000-0000-000000000010", "style": "countryside", "affinity_score": 7}},
  {"model": "plants.plantstyle", "pk": 19, "fields": {"plant": "aaaaaaaa-0000-0000-0000-000000000011", "style": "mediterranean", "affinity_score": 9}},
  {"model": "plants.plantstyle", "pk": 20, "fields": {"plant": "aaaaaaaa-0000-0000-0000-000000000012", "style": "japanese", "affinity_score": 10}},
  {"model": "plants.plantstyle", "pk": 21, "fields": {"plant": "aaaaaaaa-0000-0000-0000-000000000013", "style": "mediterranean", "affinity_score": 9}},
  {"model": "plants.plantstyle", "pk": 22, "fields": {"plant": "aaaaaaaa-0000-0000-0000-000000000013", "style": "countryside", "affinity_score": 8}},
  {"model": "plants.plantstyle", "pk": 23, "fields": {"plant": "aaaaaaaa-0000-0000-0000-000000000014", "style": "contemporary", "affinity_score": 10}},
  {"model": "plants.plantstyle", "pk": 24, "fields": {"plant": "aaaaaaaa-0000-0000-0000-000000000014", "style": "japanese", "affinity_score": 8}},
  {"model": "plants.plantstyle", "pk": 25, "fields": {"plant": "aaaaaaaa-0000-0000-0000-000000000015", "style": "mediterranean", "affinity_score": 9}},
  {"model": "plants.plantstyle", "pk": 26, "fields": {"plant": "aaaaaaaa-0000-0000-0000-000000000015", "style": "contemporary", "affinity_score": 8}},
  {"model": "plants.plantstyle", "pk": 27, "fields": {"plant": "aaaaaaaa-0000-0000-0000-000000000016", "style": "countryside", "affinity_score": 10}},
  {"model": "plants.plantstyle", "pk": 28, "fields": {"plant": "aaaaaaaa-0000-0000-0000-000000000017", "style": "mediterranean", "affinity_score": 8}},
  {"model": "plants.plantstyle", "pk": 29, "fields": {"plant": "aaaaaaaa-0000-0000-0000-000000000017", "style": "countryside", "affinity_score": 9}},
  {"model": "plants.plantstyle", "pk": 30, "fields": {"plant": "aaaaaaaa-0000-0000-0000-000000000018", "style": "countryside", "affinity_score": 9}},
  {"model": "plants.plantstyle", "pk": 31, "fields": {"plant": "aaaaaaaa-0000-0000-0000-000000000019", "style": "countryside", "affinity_score": 10}},
  {"model": "plants.plantstyle", "pk": 32, "fields": {"plant": "aaaaaaaa-0000-0000-0000-000000000020", "style": "contemporary", "affinity_score": 7}},
  {"model": "plants.plantstyle", "pk": 33, "fields": {"plant": "aaaaaaaa-0000-0000-0000-000000000021", "style": "countryside", "affinity_score": 10}},
  {"model": "plants.plantstyle", "pk": 34, "fields": {"plant": "aaaaaaaa-0000-0000-0000-000000000021", "style": "japanese", "affinity_score": 7}},
  {"model": "plants.plantstyle", "pk": 35, "fields": {"plant": "aaaaaaaa-0000-0000-0000-000000000022", "style": "contemporary", "affinity_score": 8}},
  {"model": "plants.plantstyle", "pk": 36, "fields": {"plant": "aaaaaaaa-0000-0000-0000-000000000023", "style": "countryside", "affinity_score": 9}},
  {"model": "plants.plantstyle", "pk": 37, "fields": {"plant": "aaaaaaaa-0000-0000-0000-000000000024", "style": "mediterranean", "affinity_score": 10}},
  {"model": "plants.plantstyle", "pk": 38, "fields": {"plant": "aaaaaaaa-0000-0000-0000-000000000024", "style": "countryside", "affinity_score": 9}},
  {"model": "plants.plantstyle", "pk": 39, "fields": {"plant": "aaaaaaaa-0000-0000-0000-000000000025", "style": "japanese", "affinity_score": 8}},
  {"model": "plants.plantstyle", "pk": 40, "fields": {"plant": "aaaaaaaa-0000-0000-0000-000000000025", "style": "countryside", "affinity_score": 9}}
]
